{"cameraMode":{"drawMode":0,"name":"Shaded","section":"Shading Mode"},"sceneLighting":true,"audioPlay":false,"sceneViewState":{"m_AlwaysRefresh":true,"showFog":true,"showSkybox":true,"showFlares":true,"showImageEffects":true,"showParticleSystems":true,"showVisualEffectGraphs":true,"m_FxEnabled":false},"in2DMode":false,"pivot":{"x":3.576291084289551,"y":3.9809374809265138,"z":1.0795148611068726},"rotation":{"x":0.416930615901947,"y":-0.23406726121902467,"z":0.11202935129404068,"w":0.8711090087890625},"size":4.8279032707214359,"orthographic":false}